<?xml version="1.0" encoding="UTF-8"?><module>
   <id>CMM_Customer-Broker-Agency</id>
   <auto-deploy>true</auto-deploy>
   <configurations>
      
      <!-- Document Library config section -->
      <config condition="DocumentLibrary" evaluator="string-compare" replace="false">
         <aspects>
            <visible>
               <aspect label="Base Broker Information" name="cba:baseBrokerInfo"/>
               <aspect label="customDocuments" name="cba:customDocuments"/>
            </visible>
         </aspects>
      </config>

      <!-- Form configuration section - type -->
      
      <!-- Form configuration section - aspect -->
      <config condition="cba:baseBrokerInfo" evaluator="aspect">
         <forms>
            <form>
               <field-visibility>
                  <show id="cba:entryNbr"/>
                  <show id="cba:entryDate"/>
                  <show id="cba:invNbr"/>
                  <show id="cba:packageStatus"/>
                  <show id="cba:Supplier"/>
                  <show id="cba:Classification"/>
               </field-visibility>
               <appearance>
                  <set appearance="whitespace" id="cba:baseBrokerInfo_cmm_set0" template="/org/alfresco/components/form/2-column-set.ftl"/>
                  <field id="cba:invNbr" set="cba:baseBrokerInfo_cmm_set0">
                  </field>
                  <field id="cba:Classification" set="cba:baseBrokerInfo_cmm_set0">
                  </field>
                  <field id="cba:entryDate" set="cba:baseBrokerInfo_cmm_set0">
                  </field>
                  <field id="cba:entryNbr" set="cba:baseBrokerInfo_cmm_set0">
                  </field>
                  <field id="cba:Supplier" set="cba:baseBrokerInfo_cmm_set0">
                  </field>
                  <field id="cba:packageStatus" set="cba:baseBrokerInfo_cmm_set0">
                  </field>
               </appearance>
            </form>
         </forms>
      </config>
      <config condition="cba:customDocuments" evaluator="aspect">
         <forms>
            <form>
               <field-visibility>
                  <show id="cba:folderId"/>
                  <show id="cba:enteredValue"/>
               </field-visibility>
               <appearance>
                  <set appearance="whitespace" id="cba:customDocuments_cmm_set0"/>
                  <field id="cba:folderId" set="cba:customDocuments_cmm_set0">
                  </field>
                  <field id="cba:enteredValue" set="cba:customDocuments_cmm_set0">
                  </field>
               </appearance>
            </form>
         </forms>
      </config>
      
      <!-- Entity form designer configuration -->
      <config condition="FormDefinition" evaluator="string-compare">
         <form-definition id="baseBrokerInfo">[{"elementconfig":{"label":"","appearance":"bordered-panel"},"pseudonym":"cmm/editor/layout/2cols","label":"cmm.form-editor.palette.two-column","type":["layout"],"column":[{"pseudonym":"cmm/editor/property/text","id":"cba:entryNbr","elementconfig":{"infoname":"entryNbr","infolabel":"Entry Number","infotype":"d:text"},"label":"Entry Number [entryNbr]","type":["property"]},{"pseudonym":"cmm/editor/property/date","id":"cba:entryDate","elementconfig":{"infoname":"entryDate","infolabel":"Entry Date","infotype":"d:date"},"label":"Entry Date [entryDate]","type":["property"]},{"pseudonym":"cmm/editor/property/long","id":"cba:invNbr","elementconfig":{"infoname":"invNbr","infolabel":"Invoice Number","infotype":"d:long"},"label":"Invoice Number [invNbr]","type":["property"]},{"pseudonym":"cmm/editor/property/text","id":"cba:packageStatus","elementconfig":{"infoname":"packageStatus","infolabel":"Status","infotype":"d:text"},"label":"Status [packageStatus]","type":["property"]},{"pseudonym":"cmm/editor/property/text","id":"cba:Supplier","elementconfig":{"infoname":"Supplier","infolabel":"Supplier","infotype":"d:text"},"label":"Supplier [Supplier]","type":["property"]},{"pseudonym":"cmm/editor/property/text","id":"cba:Classification","elementconfig":{"infoname":"Classification","infolabel":"Classification","infotype":"d:text"},"label":"Classification [Classification]","type":["property"]}]}]</form-definition>
         <form-definition id="customDocuments">[{"elementconfig":{"label":"","appearance":"title"},"pseudonym":"cmm/editor/layout/1cols","label":"cmm.form-editor.palette.one-column","column":[{"pseudonym":"cmm/editor/property/text","id":"cba:folderId","elementconfig":{"infoname":"folderId","infolabel":"Folder ID","infotype":"d:text"},"label":"Folder ID [folderId]","type":["property"]},{"pseudonym":"cmm/editor/property/double","id":"cba:enteredValue","elementconfig":{"infoname":"enteredValue","infolabel":"Entered Value","infotype":"d:double"},"label":"Entered Value [enteredValue]","type":["property"]}],"type":"{type}"}]</form-definition>
      </config>

   </configurations>
</module>
