<?xml version="1.0" encoding="UTF-8"?>
<model xmlns="http://www.alfresco.org/model/dictionary/1.0" name="cba:Customer-Broker-Agency">
    <author>Demo User</author>
    <imports>
        <import uri="http://www.alfresco.org/model/dictionary/1.0" prefix="d"/>
    </imports>
    <namespaces>
        <namespace uri="http://www.tmna-ca.com/model/customerbroker/1.0" prefix="cba"/>
    </namespaces>
    <data-types/>
    <constraints/>
    <types/>
    <aspects>
        <aspect name="cba:baseBrokerInfo">
            <title>Base Broker Information</title>
            <properties>
                <property name="cba:entryNbr">
                    <title>Entry Number</title>
                    <type>d:text</type>
                    <mandatory>true</mandatory>
                    <index enabled="true">
                        <tokenised>TRUE</tokenised>
                        <facetable>false</facetable>
                    </index>
                </property>
                <property name="cba:invNbr">
                    <title>Invoice Number</title>
                    <type>d:long</type>
                    <mandatory>true</mandatory>
                    <index enabled="true">
                        <tokenised>TRUE</tokenised>
                    </index>
                </property>
                <property name="cba:entryDate">
                    <title>Entry Date</title>
                    <type>d:date</type>
                    <mandatory>true</mandatory>
                    <index enabled="true">
                        <tokenised>TRUE</tokenised>
                    </index>
                </property>
                <property name="cba:Supplier">
                    <title>Supplier</title>
                    <type>d:text</type>
                    <mandatory>false</mandatory>
                    <index enabled="true">
                        <tokenised>TRUE</tokenised>
                        <facetable>false</facetable>
                    </index>
                </property>
                <property name="cba:Classification">
                    <title>Classification</title>
                    <type>d:text</type>
                    <mandatory>false</mandatory>
                    <index enabled="true">
                        <tokenised>TRUE</tokenised>
                        <facetable>false</facetable>
                    </index>
                </property>
                <property name="cba:packageStatus">
                    <title>Status</title>
                    <type>d:text</type>
                    <mandatory>false</mandatory>
                    <index enabled="true">
                        <tokenised>BOTH</tokenised>
                        <facetable>true</facetable>
                    </index>
                    <constraints>
                        <constraint name="cba:LIST_93b2a28a-4550-4d14-88d4-c97c1653c077" type="LIST">
                            <parameter name="allowedValues">
                                <list>
                                    <value>Opened</value>
                                    <value>Working</value>
                                    <value>Complete</value>
                                </list>
                            </parameter>
                            <parameter name="caseSensitive">
                                <value>true</value>
                            </parameter>
                            <parameter name="sorted">
                                <value>false</value>
                            </parameter>
                        </constraint>
                    </constraints>
                </property>
            </properties>
            <associations/>
            <overrides/>
            <mandatory-aspects/>
        </aspect>
        <aspect name="cba:customDocuments">
            <title>customDocuments</title>
            <properties>
                <property name="cba:enteredValue">
                    <title>Entered Value</title>
                    <type>d:double</type>
                    <mandatory>false</mandatory>
                    <index enabled="true">
                        <tokenised>TRUE</tokenised>
                    </index>
                </property>
                <property name="cba:folderId">
                    <title>Folder ID</title>
                    <type>d:text</type>
                    <mandatory>false</mandatory>
                    <index enabled="true">
                        <tokenised>TRUE</tokenised>
                        <facetable>false</facetable>
                    </index>
                </property>
            </properties>
            <associations/>
            <overrides/>
            <mandatory-aspects/>
        </aspect>
    </aspects>
</model>